CALCOLI RELATIVI AL BILANCIO IDRICO;;;;;;;;;;;;;;;;;;;;;;;;;;;;;;;;;;
;;;;;;;;;;;;;;;;;;;;;;;;;;;;;;stagione irrigua normale dal 15/6 al 31/8;;;;
data;;dati meteo;;;calcolo ET0 Hargreaves;;;;;stima Kc suolo nudo;;calcolo ETe;;;;;caratteristiche idrologiche del suolo;;;;;;;;;umidità del suolo;;ruscellamento;percolazione;irrigazione;;celle di servizio;;
data;numero di giorno;Tmax;Tmin;Pioggia;Tmedia;Ra MJ;lambda;Ra mm;ET0;frequenza media mensile eventi pioggia;ET0 media mensile;Stadio fenologico;Kc;ETc;Ks;ETe;PROFmm;PA;LIr;CC;CIM;PA;LIr;CC;CIM;UMIDmm;UMIDVOL;RUSCmm;PERCmm;IRRIGutile;VOLADACQ;MESE;RUSC CUM;PERC CUM
;;°C;°C;mm;°C;MJ m-2d-1;MJ kg-1;mm d-1;mm;giorni;mm;;;mm;;mm;mm;% v/v;% v/v;% v/v;% v/v;mm;mm;mm;mm;mm;%;mm;mm;mm;mm;;;
;;;;;;;;;;;;;;;;;;;;;;;;;;;;;;;;;;
data;jd;Tmax;Tmin;Pioggia;Tmedia;rad MJ/m-2 d-1;lambda;rad mm d-1;ET0;freqmens;et0mens;Stadio fenologico;Kc;ETc;Ks;Ete;PROFmm;PA%;LC%;CC%;CIM%;PA;LC;CC;CIM;UMIDmm;UMIDVOL;PERCmm;PERCmm;IRRIGutile;VOLADACQ;mese;rusccum;Percum
01/01/2022;1;13,6;-1,7;0;5,95;3,1036;2,49;1,25;0,27;15,50;0,28;suolo nudo;;;;;;;;;;;;;;;;;;;;1;;
02/01/2022;2;6,5;0;0;3,25;3,1521;2,49;1,26;0,16;;0,28;suolo nudo;;;;;;;;;;;;;;;;;;;;1;0,00;0,00
03/01/2022;3;7,8;-1,2;0;3,3;3,2046;2,49;1,29;0,19;;0,28;suolo nudo;;;;;;;;;;;;;;;;;;;;1;0,00;0,00
04/01/2022;4;7,1;5,7;0,2;6,4;3,2611;2,49;1,31;0,09;;0,28;suolo nudo;;;;;;;;;;;;;;;;;;;;1;0,00;0,00
05/01/2022;5;8,8;0;0,2;4,4;3,3216;2,49;1,33;0,20;;0,28;suolo nudo;;;;;;;;;;;;;;;;;;;;1;0,00;0,00
06/01/2022;6;7,5;-2,1;0;2,7;3,3861;2,49;1,36;0,20;;0,28;suolo nudo;;;;;;;;;;;;;;;;;;;;1;0,00;0,00
07/01/2022;7;6,9;-3,3;0;1,8;3,4545;2,50;1,38;0,20;;0,28;suolo nudo;;;;;;;;;;;;;;;;;;;;1;0,00;0,00
08/01/2022;8;5;-3,8;0;0,6;3,5268;2,50;1,41;0,18;;0,28;suolo nudo;;;;;;;;;;;;;;;;;;;;1;0,00;0,00
09/01/2022;9;6,9;-3,2;0;1,85;3,6030;2,50;1,44;0,21;;0,28;suolo nudo;;;;;;;;;;;;;;;;;;;;1;0,00;0,00
10/01/2022;10;8,1;-4,1;0;2;3,6831;2,50;1,48;0,23;;0,28;suolo nudo;;;;;;;;;;;;;;;;;;;;1;0,00;0,00
11/01/2022;11;8,7;-4,7;0;2;3,7670;2,50;1,51;0,25;;0,28;suolo nudo;;;;;;;;;;;;;;;;;;;;1;0,00;0,00
12/01/2022;12;6,3;-4,8;0;0,75;3,8547;2,50;1,54;0,22;;0,28;suolo nudo;;;;;;;;;;;;;;;;;;;;1;0,00;0,00
13/01/2022;13;7,1;-5,3;0;0,9;3,9461;2,50;1,58;0,24;;0,28;suolo nudo;;;;;;;;;;;;;;;;;;;;1;0,00;0,00
14/01/2022;14;10,1;-4,2;0;2,95;4,0413;2,49;1,62;0,29;;0,28;suolo nudo;;;;;;;;;;;;;;;;;;;;1;0,00;0,00
15/01/2022;15;12,6;-3,3;0;4,65;4,1401;2,49;1,66;0,34;;0,28;suolo nudo;;;;;;;;;;;;;;;;;;;;1;0,00;0,00
16/01/2022;16;11,3;-3;0;4,15;4,2426;2,49;1,70;0,33;;0,28;suolo nudo;;;;;;;;;;;;;;;;;;;;1;0,00;0,00
17/01/2022;17;11,5;-3,6;0;3,95;4,3488;2,49;1,75;0,34;;0,28;suolo nudo;;;;;;;;;;;;;;;;;;;;1;0,00;0,00
18/01/2022;18;9,9;-3,1;0;3,4;4,4585;2,49;1,79;0,31;;0,28;suolo nudo;;;;;;;;;;;;;;;;;;;;1;0,00;0,00
19/01/2022;19;5,8;-3,5;0;1,15;4,5717;2,50;1,83;0,24;;0,28;suolo nudo;;;;;;;;;;;;;;;;;;;;1;0,00;0,00
20/01/2022;20;9,5;-3,8;0;2,85;4,6884;2,49;1,88;0,33;;0,28;suolo nudo;;;;;;;;;;;;;;;;;;;;1;0,00;0,00
21/01/2022;21;9;-3,8;0;2,6;4,8086;2,49;1,93;0,32;;0,28;suolo nudo;;;;;;;;;;;;;;;;;;;;1;0,00;0,00
22/01/2022;22;5,1;-4,2;0;0,45;4,9321;2,50;1,97;0,25;;0,28;suolo nudo;;;;;;;;;;;;;;;;;;;;1;0,00;0,00
23/01/2022;23;7,1;-2,9;0;2,1;5,0590;2,50;2,03;0,29;;0,28;suolo nudo;;;;;;;;;;;;;;;;;;;;1;0,00;0,00
24/01/2022;24;7,7;-4,2;0;1,75;5,1891;2,50;2,08;0,32;;0,28;suolo nudo;;;;;;;;;;;;;;;;;;;;1;0,00;0,00
25/01/2022;25;-0,1;-2;0;-1,05;5,3226;2,50;2,13;0,11;;0,28;suolo nudo;;;;;;;;;;;;;;;;;;;;1;0,00;0,00
26/01/2022;26;0;-3,5;0;-1,75;5,4592;2,51;2,18;0,15;;0,28;suolo nudo;;;;;;;;;;;;;;;;;;;;1;0,00;0,00
27/01/2022;27;1,5;-3,8;0;-1,15;5,5989;2,50;2,24;0,20;;0,28;suolo nudo;;;;;;;;;;;;;;;;;;;;1;0,00;0,00
28/01/2022;28;14,4;-4,1;0;5,15;5,7417;2,49;2,31;0,52;;0,28;suolo nudo;;;;;;;;;;;;;;;;;;;;1;0,00;0,00
29/01/2022;29;11,9;-3,1;0;4,4;5,8875;2,49;2,36;0,47;;0,28;suolo nudo;;;;;;;;;;;;;;;;;;;;1;0,00;0,00
30/01/2022;30;14,4;-2,3;0;6,05;6,0363;2,49;2,43;0,54;;0,28;suolo nudo;;;;;;;;;;;;;;;;;;;;1;0,00;0,00
31/01/2022;31;15,5;-1,5;0;7;6,1880;2,48;2,49;0,59;;0,28;suolo nudo;;;;;;;;;;;;;;;;;;;;1;0,00;0,00
01/02/2022;32;12;-2,9;0;4,55;6,3425;2,49;2,55;0,51;28,00;0,8;suolo nudo;;;;;;;;;;;;;;;;;;;;2;0,00;0,00
02/02/2022;33;17,7;-2,1;0;7,8;6,4998;2,48;2,62;0,69;;0,8;suolo nudo;;;;;;;;;;;;;;;;;;;;2;0,00;0,00
03/02/2022;34;14,2;-1,2;0;6,5;6,6888;2,49;2,69;0,59;;0,8;suolo nudo;;;;;;;;;;;;;;;;;;;;2;0,00;0,00
04/02/2022;35;11,4;-0,9;0;5,25;6,8956;2,49;2,77;0,52;;0,8;suolo nudo;;;;;;;;;;;;;;;;;;;;2;0,00;0,00
05/02/2022;36;13,5;-1,9;0;5,8;7,1058;2,49;2,86;0,61;;0,8;suolo nudo;;;;;;;;;;;;;;;;;;;;2;0,00;0,00
06/02/2022;37;4,2;-0,3;0;1,95;7,3192;2,50;2,93;0,28;;0,8;suolo nudo;;;;;;;;;;;;;;;;;;;;2;0,00;0,00
07/02/2022;38;17,2;-0,9;0;8,15;7,5358;2,48;3,04;0,77;;0,8;suolo nudo;;;;;;;;;;;;;;;;;;;;2;0,00;0,00
08/02/2022;39;14,9;-3,9;0;5,5;7,7554;2,49;3,12;0,72;;0,8;suolo nudo;;;;;;;;;;;;;;;;;;;;2;0,00;0,00
09/02/2022;40;14,1;-2,8;0;5,65;7,9780;2,49;3,21;0,71;;0,8;suolo nudo;;;;;;;;;;;;;;;;;;;;2;0,00;0,00
10/02/2022;41;11,8;-1,8;0;5;8,2035;2,49;3,30;0,64;;0,8;suolo nudo;;;;;;;;;;;;;;;;;;;;2;0,00;0,00
11/02/2022;42;11,7;-1,4;0;5,15;8,4317;2,49;3,39;0,65;;0,8;suolo nudo;;;;;;;;;;;;;;;;;;;;2;0,00;0,00
12/02/2022;43;8,9;-0,3;0;4,3;8,6627;2,49;3,48;0,54;;0,8;suolo nudo;;;;;;;;;;;;;;;;;;;;2;0,00;0,00
13/02/2022;44;9,6;-3,5;0;3,05;8,8963;2,49;3,57;0,62;;0,8;suolo nudo;;;;;;;;;;;;;;;;;;;;2;0,00;0,00
14/02/2022;45;7,2;0,7;0,2;3,95;9,1324;2,49;3,67;0,47;;0,8;suolo nudo;;;;;;;;;;;;;;;;;;;;2;0,00;0,00
15/02/2022;46;11,9;-1,4;0;5,25;9,3709;2,49;3,77;0,73;;0,8;suolo nudo;;;;;;;;;;;;;;;;;;;;2;0,00;0,00
16/02/2022;47;10,2;-3,1;0;3,55;9,6117;2,49;3,86;0,69;;0,8;suolo nudo;;;;;;;;;;;;;;;;;;;;2;0,00;0,00
17/02/2022;48;17,8;-1,7;0;8,05;9,8547;2,48;3,97;1,04;;0,8;suolo nudo;;;;;;;;;;;;;;;;;;;;2;0,00;0,00
18/02/2022;49;8,5;-0,5;0;4;10,0999;2,49;4,05;0,61;;0,8;suolo nudo;;;;;;;;;;;;;;;;;;;;2;0,00;0,00
19/02/2022;50;12,2;1,1;0;6,65;10,3470;2,49;4,16;0,78;;0,8;suolo nudo;;;;;;;;;;;;;;;;;;;;2;0,00;0,00
20/02/2022;51;16,2;0,2;0;8,2;10,5961;2,48;4,27;1,02;;0,8;suolo nudo;;;;;;;;;;;;;;;;;;;;2;0,00;0,00
21/02/2022;52;16,4;0,4;0;8,4;10,8470;2,48;4,37;1,05;;0,8;suolo nudo;;;;;;;;;;;;;;;;;;;;2;0,00;0,00
22/02/2022;53;16,7;0,4;0;8,55;11,0995;2,48;4,47;1,09;;0,8;suolo nudo;;;;;;;;;;;;;;;;;;;;2;0,00;0,00
23/02/2022;54;18,5;-2,2;0;8,15;11,3537;2,48;4,57;1,24;;0,8;suolo nudo;;;;;;;;;;;;;;;;;;;;2;0,00;0,00
24/02/2022;55;13,3;-0,2;0;6,55;11,6094;2,49;4,67;0,96;;0,8;suolo nudo;;;;;;;;;;;;;;;;;;;;2;0,00;0,00
25/02/2022;56;15,6;-3,1;0;6,25;11,8665;2,49;4,77;1,14;;0,8;suolo nudo;;;;;;;;;;;;;;;;;;;;2;0,00;0,00
26/02/2022;57;14,4;-3;0;5,7;12,1249;2,49;4,87;1,10;;0,8;suolo nudo;;;;;;;;;;;;;;;;;;;;2;0,00;0,00
27/02/2022;58;10,7;-4,2;0;3,25;12,3895;2,49;4,97;0,93;;0,8;suolo nudo;;;;;;;;;;;;;;;;;;;;2;0,00;0,00
28/02/2022;59;13,8;-4,9;0;4,45;12,7065;2,49;5,10;1,13;;0,8;suolo nudo;;;;;;;;;;;;;;;;;;;;2;0,00;0,00
01/03/2022;60;9;-1,9;0;3,55;13,0248;2,49;5,23;0,85;15,50;1,5;suolo nudo;;;;;;;;;;;;;;;;;;;;3;0,00;0,00
02/03/2022;61;11,6;-4;0;3,8;13,3443;2,49;5,35;1,05;;1,5;suolo nudo;;;;;;;;;;;;;;;;;;;;3;0,00;0,00
03/03/2022;62;14;0,7;0;7,35;13,6648;2,48;5,50;1,16;;1,5;suolo nudo;;;;;;;;;;;;;;;;;;;;3;0,00;0,00
04/03/2022;63;12,5;-1,6;0;5,45;13,9863;2,49;5,62;1,13;;1,5;suolo nudo;;;;;;;;;;;;;;;;;;;;3;0,00;0,00
05/03/2022;64;9,3;-0,4;0;4,45;14,3085;2,49;5,75;0,92;;1,5;suolo nudo;;;;;;;;;;;;;;;;;;;;3;0,00;0,00
06/03/2022;65;9,2;-2,2;0;3,5;14,6314;2,49;5,87;0,97;;1,5;suolo nudo;;;;;;;;;;;;;;;;;;;;3;0,00;0,00
07/03/2022;66;10,3;-4,1;0;3,1;14,9549;2,49;6,00;1,09;;1,5;suolo nudo;;;;;;;;;;;;;;;;;;;;3;0,00;0,00
08/03/2022;67;7,5;-3,8;0;1,85;15,2787;2,50;6,12;0,93;;1,5;suolo nudo;;;;;;;;;;;;;;;;;;;;3;0,00;0,00
09/03/2022;68;12,2;-4,6;0;3,8;15,6029;2,49;6,26;1,27;;1,5;suolo nudo;;;;;;;;;;;;;;;;;;;;3;0,00;0,00
10/03/2022;69;14,4;-3,6;0;5,4;15,9272;2,49;6,40;1,45;;1,5;suolo nudo;;;;;;;;;;;;;;;;;;;;3;0,00;0,00
11/03/2022;70;9,6;-0,9;0;4,35;16,2515;2,49;6,52;1,08;;1,5;suolo nudo;;;;;;;;;;;;;;;;;;;;3;0,00;0,00
12/03/2022;71;6,7;3,6;0;5,15;16,5758;2,49;6,66;0,62;;1,5;suolo nudo;;;;;;;;;;;;;;;;;;;;3;0,00;0,00
13/03/2022;72;8,8;2,8;0;5,8;16,8998;2,49;6,79;0,90;;1,5;suolo nudo;;;;;;;;;;;;;;;;;;;;3;0,00;0,00
14/03/2022;73;10,5;0,3;0;5,4;17,2235;2,49;6,92;1,18;;1,5;suolo nudo;;;;;;;;;;;;;;;;;;;;3;0,00;0,00
15/03/2022;74;12,3;5,3;0;8,8;17,5468;2,48;7,07;1,15;;1,5;suolo nudo;;;;;;;;;;;;;;;;;;;;3;0,00;0,00
16/03/2022;75;14,2;6,2;0;10,2;17,8694;2,48;7,21;1,31;;1,5;suolo nudo;;;;;;;;;;;;;;;;;;;;3;0,00;0,00
17/03/2022;76;11,3;7,6;0;9,45;18,1914;2,48;7,34;0,88;;1,5;suolo nudo;;;;;;;;;;;;;;;;;;;;3;0,00;0,00
18/03/2022;77;14,4;7,6;0;11;18,5125;2,48;7,48;1,29;;1,5;suolo nudo;;;;;;;;;;;;;;;;;;;;3;0,00;0,00
19/03/2022;78;14,6;6,7;0;10,65;18,8327;2,48;7,61;1,40;;1,5;suolo nudo;;;;;;;;;;;;;;;;;;;;3;0,00;0,00
20/03/2022;79;13,2;0,5;0;6,85;19,1519;2,48;7,71;1,56;;1,5;suolo nudo;;;;;;;;;;;;;;;;;;;;3;0,00;0,00
21/03/2022;80;13,6;0,7;0;7,15;19,4699;2,48;7,84;1,62;;1,5;suolo nudo;;;;;;;;;;;;;;;;;;;;3;0,00;0,00
22/03/2022;81;15,3;-2,3;0;6,5;19,7866;2,49;7,96;1,87;;1,5;suolo nudo;;;;;;;;;;;;;;;;;;;;3;0,00;0,00
23/03/2022;82;18,5;-2,6;0;7,95;20,1613;2,48;8,12;2,21;;1,5;suolo nudo;;;;;;;;;;;;;;;;;;;;3;0,00;0,00
24/03/2022;83;20,8;-0,8;0;10;20,5345;2,48;8,29;2,46;;1,5;suolo nudo;;;;;;;;;;;;;;;;;;;;3;0,00;0,00
25/03/2022;84;20,5;-0,6;0;9,95;20,9059;2,48;8,44;2,47;;1,5;suolo nudo;;;;;;;;;;;;;;;;;;;;3;0,00;0,00
26/03/2022;85;20,1;-0,6;0;9,75;21,2755;2,48;8,59;2,48;;1,5;suolo nudo;;;;;;;;;;;;;;;;;;;;3;0,00;0,00
27/03/2022;86;19,2;2,2;0;10,7;21,6432;2,48;8,74;2,36;;1,5;suolo nudo;;;;;;;;;;;;;;;;;;;;3;0,00;0,00
28/03/2022;87;21,2;0,1;0;10,65;22,0087;2,48;8,89;2,67;;1,5;suolo nudo;;;;;;;;;;;;;;;;;;;;3;0,00;0,00
29/03/2022;88;19,4;2,4;0;10,9;22,3721;2,48;9,04;2,46;;1,5;suolo nudo;;;;;;;;;;;;;;;;;;;;3;0,00;0,00
30/03/2022;89;9,9;8,6;11,6;9,25;22,7331;2,48;9,17;0,65;;1,5;suolo nudo;;;;;;;;;;;;;;;;;;;;3;0,00;0,00
31/03/2022;90;15,7;7,6;2,6;11,65;23,0916;2,47;9,34;1,80;;1,5;suolo nudo;;;;;;;;;;;;;;;;;;;;3;0,00;0,00
01/04/2022;91;14,6;4,7;0;9,65;23,4477;2,48;9,46;1,88;7,50;2,9;suolo nudo;;;;;;;;;;;;;;;;;;;;4;0,00;0,00
02/04/2022;92;8,2;2,3;0,2;5,25;23,8010;2,49;9,56;1,23;;2,9;suolo nudo;;;;;;;;;;;;;;;;;;;;4;0,00;0,00
03/04/2022;93;12,3;1,5;0;6,9;24,1516;2,48;9,72;1,81;;2,9;suolo nudo;;;;;;;;;;;;;;;;;;;;4;0,00;0,00
04/04/2022;94;12,6;2,8;0;7,7;24,4993;2,48;9,87;1,81;;2,9;suolo nudo;;;;;;;;;;;;;;;;;;;;4;0,00;0,00
05/04/2022;95;18,5;-0,7;0;8,9;24,8440;2,48;10,02;2,70;;2,9;suolo nudo;;;;;;;;;;;;;;;;;;;;4;0,00;0,00
06/04/2022;96;16,5;1,6;0;9,05;25,1856;2,48;10,16;2,42;;2,9;suolo nudo;;;;;;;;;;;;;;;;;;;;4;0,00;0,00
07/04/2022;97;23;2,9;0;12,95;25,5240;2,47;10,33;3,28;;2,9;suolo nudo;;;;;;;;;;;;;;;;;;;;4;0,00;0,00
08/04/2022;98;25;5,4;0;15,2;25,8592;2,47;10,49;3,52;;2,9;suolo nudo;;;;;;;;;;;;;;;;;;;;4;0,00;0,00
09/04/2022;99;18,6;4,8;0;11,7;26,1910;2,47;10,59;2,67;;2,9;suolo nudo;;;;;;;;;;;;;;;;;;;;4;0,00;0,00
10/04/2022;100;16,7;-1;0;7,85;26,5193;2,48;10,68;2,65;;2,9;suolo nudo;;;;;;;;;;;;;;;;;;;;4;0,00;0,00
11/04/2022;101;18,1;1,4;0;9,75;26,8441;2,48;10,83;2,81;;2,9;suolo nudo;;;;;;;;;;;;;;;;;;;;4;0,00;0,00
12/04/2022;102;18,7;2,7;0;10,7;27,1653;2,48;10,97;2,88;;2,9;suolo nudo;;;;;;;;;;;;;;;;;;;;4;0,00;0,00
13/04/2022;103;21;5,8;0;13,4;27,4827;2,47;11,13;3,11;;2,9;suolo nudo;;;;;;;;;;;;;;;;;;;;4;0,00;0,00
14/04/2022;104;23,5;4,9;0;14,2;27,7964;2,47;11,27;3,58;;2,9;suolo nudo;;;;;;;;;;;;;;;;;;;;4;0,00;0,00
15/04/2022;105;25,8;5;0;15,4;28,1558;2,46;11,42;3,98;;2,9;suolo nudo;;;;;;;;;;;;;;;;;;;;4;0,00;0,00
16/04/2022;106;25;7,4;0;16,2;28,5158;2,46;11,58;3,80;;2,9;suolo nudo;;;;;;;;;;;;;;;;;;;;4;0,00;0,00
17/04/2022;107;20;7,1;0;13,55;28,8713;2,47;11,69;3,03;;2,9;suolo nudo;;;;;;;;;;;;;;;;;;;;4;0,00;0,00
18/04/2022;108;19,4;7,7;0;13,55;29,2223;2,47;11,84;2,92;;2,9;suolo nudo;;;;;;;;;;;;;;;;;;;;4;0,00;0,00
19/04/2022;109;21,1;4,3;0;12,7;29,5685;2,47;11,97;3,44;;2,9;suolo nudo;;;;;;;;;;;;;;;;;;;;4;0,00;0,00
20/04/2022;110;11,7;7,3;0;9,5;29,9101;2,48;12,07;1,59;;2,9;semina;;;;;;;;;;;;;;;;;;;;4;0,00;0,00
21/04/2022;111;12,2;9,1;1,8;10,65;30,2469;2,48;12,22;1,41;;2,9;emergenza;;;;;;;;;;;;;;;;;;;;4;0,00;0,00
22/04/2022;112;18,6;8,5;0,8;13,55;30,5787;2,47;12,38;2,84;;2,9;emergenza;;;;;;;;;;;;;;;;;;;;4;0,00;0,00
23/04/2022;113;17;8,2;6,4;12,6;30,9057;2,47;12,51;2,59;;2,9;emergenza;;;;;;;;;;;;;;;;;;;;4;0,00;0,00
24/04/2022;114;17;6,2;0;11,6;31,2276;2,47;12,62;2,81;;2,9;emergenza;;;;;;;;;;;;;;;;;;;;4;0,00;0,00
25/04/2022;115;20,2;5,8;0;13;31,5445;2,47;12,77;3,43;;2,9;emergenza;;;;;;;;;;;;;;;;;;;;4;0,00;0,00
26/04/2022;116;21,4;8,6;0;15;31,8562;2,47;12,92;3,49;;2,9;emergenza;;;;;;;;;;;;;;;;;;;;4;0,00;0,00
27/04/2022;117;22,5;9,8;0;16,15;32,1628;2,46;13,06;3,63;;2,9;emergenza;;;;;;;;;;;;;;;;;;;;4;0,00;0,00
28/04/2022;118;23,6;11,1;0;17,35;32,4641;2,46;13,20;3,77;;2,9;emergenza;;;;;;;;;;;;;;;;;;;;4;0,00;0,00
29/04/2022;119;22,5;8,8;0;15,65;32,7602;2,46;13,30;3,79;;2,9;emergenza;;;;;;;;;;;;;;;;;;;;4;0,00;0,00
30/04/2022;120;20,9;9,5;0;15,2;33,0509;2,47;13,41;3,44;;2,9;emergenza;;;;;;;;;;;;;;;;;;;;4;0,00;0,00
01/05/2022;121;21,9;7,3;0,2;14,6;33,3363;2,47;13,52;3,85;2,82;4,3;levata;;;;;;;;;;;;;;;;;;;;5;0,00;0,00
02/05/2022;122;22,5;8,8;0;15,65;33,6163;2,46;13,64;3,88;;4,3;levata;;;;;;;;;;;;;;;;;;;;5;0,00;0,00
03/05/2022;123;19,4;13;0;16,2;33,8908;2,46;13,76;2,72;;4,3;levata;;;;;;;;;;;;;;;;;;;;5;0,00;0,00
04/05/2022;124;20,2;12;0,4;16,1;34,1598;2,46;13,87;3,10;;4,3;levata;;;;;;;;;;;;;;;;;;;;5;0,00;0,00
05/05/2022;125;15,1;11,6;13;13,35;34,4234;2,47;13,94;1,87;;4,3;levata;;;;;;;;;;;;;;;;;;;;5;0,00;0,00
06/05/2022;126;14,8;11,2;14,8;13;34,6814;2,47;14,04;1,89;;4,3;levata;;;;;;;;;;;;;;;;;;;;5;0,00;0,00
07/05/2022;127;20,2;11,7;3,2;15,95;34,9338;2,46;14,18;3,21;;4,3;levata;;;;;;;;;;;;;;;;;;;;5;0,00;0,00
08/05/2022;128;19,3;13,2;4,4;16,25;35,1807;2,46;14,29;2,76;;4,3;levata;;;;;;;;;;;;;;;;;;;;5;0,00;0,00
09/05/2022;129;23,4;13,2;0,2;18,3;35,4357;2,46;14,42;3,82;;4,3;levata;;;;;;;;;;;;;;;;;;;;5;0,00;0,00
10/05/2022;130;25,6;10,8;0;18,2;35,7119;2,46;14,53;4,63;;4,3;levata;;;;;;;;;;;;;;;;;;;;5;0,00;0,00
11/05/2022;131;27,4;12,1;0;19,75;35,9817;2,45;14,66;4,95;;4,3;levata;;;;;;;;;;;;;;;;;;;;5;0,00;0,00
12/05/2022;132;27,1;12,8;0;19,95;36,2450;2,45;14,77;4,85;;4,3;levata;;;;;;;;;;;;;;;;;;;;5;0,00;0,00
13/05/2022;133;26,7;13,7;0;20,2;36,5018;2,45;14,88;4,69;;4,3;levata;;;;;;;;;;;;;;;;;;;;5;0,00;0,00
14/05/2022;134;27,6;15,5;0;21,55;36,7520;2,45;15,00;4,72;;4,3;levata;;;;;;;;;;;;;;;;;;;;5;0,00;0,00
15/05/2022;135;27,4;15,5;0;21,45;36,9957;2,45;15,10;4,70;;4,3;levata;;;;;;;;;;;;;;;;;;;;5;0,00;0,00
16/05/2022;136;28;13,5;0;20,75;37,2328;2,45;15,18;5,13;;4,3;levata;;;;;;;;;;;;;;;;;;;;5;0,00;0,00
17/05/2022;137;29,5;14,9;0;22,2;37,4633;2,45;15,30;5,38;;4,3;levata;;;;;;;;;;;;;;;;;;;;5;0,00;0,00
18/05/2022;138;30,1;15,5;0;22,8;37,6872;2,45;15,40;5,49;;4,3;levata;;;;;;;;;;;;;;;;;;;;5;0,00;0,00
19/05/2022;139;27,7;17;1,4;22,35;37,9045;2,45;15,48;4,68;;4,3;levata;;;;;;;;;;;;;;;;;;;;5;0,00;0,00
20/05/2022;140;29,1;15,8;0;22,45;38,1152;2,45;15,57;5,26;;4,3;levata;;;;;;;;;;;;;;;;;;;;5;0,00;0,00
21/05/2022;141;30,7;15,8;0;23,25;38,3192;2,45;15,67;5,71;;4,3;levata;;;;;;;;;;;;;;;;;;;;5;0,00;0,00
22/05/2022;142;28,8;15,4;2;22,1;38,5166;2,45;15,73;5,28;;4,3;levata;;;;;;;;;;;;;;;;;;;;5;0,00;0,00
23/05/2022;143;26,7;16,6;0;21,65;38,7073;2,45;15,80;4,56;;4,3;levata;;;;;;;;;;;;;;;;;;;;5;0,00;0,00
24/05/2022;144;27;14,5;0,8;20,75;38,8914;2,45;15,86;4,97;;4,3;levata;;;;;;;;;;;;;;;;;;;;5;0,00;0,00
25/05/2022;145;23,1;15,7;7,4;19,4;39,0688;2,46;15,91;3,70;;4,3;levata;;;;;;;;;;;;;;;;;;;;5;0,00;0,00
26/05/2022;146;26,8;13,9;0;20,35;39,2396;2,45;16,00;5,04;;4,3;levata;;;;;;;;;;;;;;;;;;;;5;0,00;0,00
27/05/2022;147;29,5;16,1;0;22,8;39,4037;2,45;16,10;5,50;;4,3;levata;;;;;;;;;;;;;;;;;;;;5;0,00;0,00
28/05/2022;148;31;14,9;0;22,95;39,5612;2,45;16,17;6,08;;4,3;levata;;;;;;;;;;;;;;;;;;;;5;0,00;0,00
29/05/2022;149;17,6;13,9;0;15,75;39,7120;2,46;16,12;2,39;;4,3;levata;;;;;;;;;;;;;;;;;;;;5;0,00;0,00
30/05/2022;150;19;11,5;0;15,25;39,8562;2,47;16,17;3,37;;4,3;levata;;;;;;;;;;;;;;;;;;;;5;0,00;0,00
31/05/2022;151;23,3;10,5;0;16,9;39,9937;2,46;16,25;4,64;;4,3;levata;;;;;;;;;;;;;;;;;;;;5;0,00;0,00
01/06/2022;152;26,7;11,5;0;19,1;40,1246;2,46;16,34;5,41;7,50;5,8;levata;;;;;;;;;;;;;;;;;;;;6;0,00;0,00
02/06/2022;153;29,2;14,7;0;21,95;40,2488;2,45;16,43;5,72;;5,8;levata;;;;;;;;;;;;;;;;;;;;6;0,00;0,00
03/06/2022;154;24,3;16,7;9,8;20,5;40,3664;2,45;16,46;4,00;;5,8;levata;;;;;;;;;;;;;;;;;;;;6;0,00;0,00
04/06/2022;155;27,7;18,2;0;22,95;40,4773;2,45;16,54;4,78;;5,8;levata;;;;;;;;;;;;;;;;;;;;6;0,00;0,00
05/06/2022;156;29,9;17,3;0;23,6;40,5817;2,45;16,60;5,61;;5,8;levata;;;;;;;;;;;;;;;;;;;;6;0,00;0,00
06/06/2022;157;30,4;15,5;0;22,95;40,6794;2,45;16,63;6,01;;5,8;levata;;;;;;;;;;;;;;;;;;;;6;0,00;0,00
07/06/2022;158;28;16,1;0;22,05;40,7705;2,45;16,65;5,26;;5,8;levata;;;;;;;;;;;;;;;;;;;;6;0,00;0,00
08/06/2022;159;26,1;14,6;0;20,35;40,8550;2,45;16,66;4,96;;5,8;levata;;;;;;;;;;;;;;;;;;;;6;0,00;0,00
09/06/2022;160;29;12,4;0;20,7;40,9329;2,45;16,69;6,02;;5,8;levata;;;;;;;;;;;;;;;;;;;;6;0,00;0,00
10/06/2022;161;29,6;9,7;0;19,65;41,0042;2,45;16,70;6,42;;5,8;levata;;;;;;;;;;;;;;;;;;;;6;0,00;0,00
11/06/2022;162;31;10,1;0;20,55;41,0689;2,45;16,75;6,75;;5,8;levata;;;;;;;;;;;;;;;;;;;;6;0,00;0,00
12/06/2022;163;31,8;12,1;0;21,95;41,1271;2,45;16,79;6,81;;5,8;levata;;;;;;;;;;;;;;;;;;;;6;0,00;0,00
13/06/2022;164;32,8;16,4;0;24,6;41,1787;2,44;16,86;6,66;;5,8;levata;;;;;;;;;;;;;;;;;;;;6;0,00;0,00
14/06/2022;165;30,4;16,1;0;23,25;41,2237;2,45;16,85;6,02;;5,8;levata;;;;;;;;;;;;;;;;;;;;6;0,00;0,00
15/06/2022;166;29,5;19,8;0;24,65;41,2621;2,44;16,89;5,14;;5,8;levata;;;;;;;;;;;;;;;;;;;;6;0,00;0,00
16/06/2022;167;34,1;19,5;0;26,8;41,2940;2,44;16,94;6,64;;5,8;levata;;;;;;;;;;;;;;;;;;;;6;0,00;0,00
17/06/2022;168;33,3;18,1;0;25,7;41,3194;2,44;16,93;6,60;;5,8;levata;;;;;;;;;;;;;;;;;;;;6;0,00;0,00
18/06/2022;169;33;19,4;0;26,2;41,3382;2,44;16,95;6,32;;5,8;levata;;;;;;;;;;;;;;;;;;;;6;0,00;0,00
19/06/2022;170;32,5;19,5;0;26;41,3505;2,44;16,95;6,16;;5,8;levata;;;;;;;;;;;;;;;;;;;;6;0,00;0,00
20/06/2022;171;33,4;16,2;0;24,8;41,3563;2,44;16,93;6,88;;5,8;levata;;;;;;;;;;;;;;;;;;;;6;0,00;0,00
21/06/2022;172;30,7;18,4;0;24,55;41,3555;2,44;16,93;5,78;;5,8;levata;;;;;;;;;;;;;;;;;;;;6;0,00;0,00
22/06/2022;173;26,6;18,3;1,8;22,45;41,3482;2,45;16,89;4,50;;5,8;levata;;;;;;;;;;;;;;;;;;;;6;0,00;0,00
23/06/2022;174;28,6;18,3;0;23,45;41,3344;2,45;16,90;5,15;;5,8;levata;;;;;;;;;;;;;;;;;;;;6;0,00;0,00
24/06/2022;175;28;16,8;1;22,4;41,3141;2,45;16,88;5,22;;5,8;levata;;;;;;;;;;;;;;;;;;;;6;0,00;0,00
25/06/2022;176;29,6;14,9;0;22,25;41,2873;2,45;16,86;5,96;;5,8;levata;;;;;;;;;;;;;;;;;;;;6;0,00;0,00
26/06/2022;177;30,2;16,1;0;23,15;41,2540;2,45;16,86;5,96;;5,8;levata;;;;;;;;;;;;;;;;;;;;6;0,00;0,00
27/06/2022;178;31,8;17,6;0;24,7;41,2141;2,44;16,87;6,21;;5,8;levata;;;;;;;;;;;;;;;;;;;;6;0,00;0,00
28/06/2022;179;24,9;17;15,6;20,95;41,1678;2,45;16,79;4,21;;5,8;levata;;;;;;;;;;;;;;;;;;;;6;0,00;0,00
29/06/2022;180;31,3;16,8;0;24,05;41,1150;2,44;16,82;6,17;;5,8;levata;;;;;;;;;;;;;;;;;;;;6;0,00;0,00
30/06/2022;181;30,7;18,5;0;24,6;41,0557;2,44;16,81;5,72;;5,8;levata;;;;;;;;;;;;;;;;;;;;6;0,00;0,00
01/07/2022;182;30,8;17,8;0;24,3;40,9899;2,44;16,77;5,86;3,88;5,9;levata;;;;;;;;;;;;;;;;;;;;7;0,00;0,00
02/07/2022;183;32,3;18,7;0;25,5;40,9176;2,44;16,76;6,16;;5,9;levata;;;;;;;;;;;;;;;;;;;;7;0,00;0,00
03/07/2022;184;34;17,7;0,2;25,85;40,8389;2,44;16,74;6,78;;5,9;levata;;;;;;;;;;;;;;;;;;;;7;0,00;0,00
04/07/2022;185;31,4;19,6;4,6;25,5;40,7536;2,44;16,70;5,71;;5,9;levata;;;;;;;;;;;;;;;;;;;;7;0,00;0,00
05/07/2022;186;33,2;17,7;0;25,45;40,6619;2,44;16,66;6,52;;5,9;levata;;;;;;;;;;;;;;;;;;;;7;0,00;0,00
06/07/2022;187;31,8;19,2;0;25,5;40,5637;2,44;16,62;5,87;;5,9;levata;;;;;;;;;;;;;;;;;;;;7;0,00;0,00
07/07/2022;188;31,8;19,9;2,8;25,85;40,4590;2,44;16,58;5,74;;5,9;levata;;;;;;;;;;;;;;;;;;;;7;0,00;0,00
08/07/2022;189;30,8;16,9;0;23,85;40,3478;2,44;16,50;5,89;;5,9;levata;;;;;;;;;;;;;;;;;;;;7;0,00;0,00
09/07/2022;190;30,5;15;0;22,75;40,2301;2,45;16,44;6,04;;5,9;levata;;;;;;;;;;;;;;;;;;;;7;0,00;0,00
10/07/2022;191;31,4;14,7;0;23,05;40,1060;2,45;16,39;6,29;;5,9;levata;;;;;;;;;;;;;;;;;;;;7;0,00;0,00
11/07/2022;192;30,7;17,2;0;23,95;39,9754;2,44;16,35;5,77;;5,9;fioritura;;;;;;;;;;;;;;;;;;;;7;0,00;0,00
12/07/2022;193;31;18,7;0;24,85;39,8384;2,44;16,31;5,61;;5,9;fioritura;;;;;;;;;;;;;;;;;;;;7;0,00;0,00
13/07/2022;194;30,9;20,4;0;25,65;39,6949;2,44;16,27;5,27;;5,9;fioritura;;;;;;;;;;;;;;;;;;;;7;0,00;0,00
14/07/2022;195;33,1;18,9;0;26;39,5449;2,44;16,21;6,15;;5,9;fioritura;;;;;;;;;;;;;;;;;;;;7;0,00;0,00
15/07/2022;196;35,4;17,1;0;26,25;39,3884;2,44;16,15;7,00;;5,9;fioritura;;;;;;;;;;;;;;;;;;;;7;0,00;0,00
16/07/2022;197;33,8;19,3;0;26,55;39,2255;2,44;16,09;6,25;;5,9;fioritura;;;;;;;;;;;;;;;;;;;;7;0,00;0,00
17/07/2022;198;33;20,9;0;26,95;39,0562;2,44;16,02;5,74;;5,9;fioritura;;;;;;;;;;;;;;;;;;;;7;0,00;0,00
18/07/2022;199;33,8;20,8;0;27,3;38,8804;2,44;15,96;5,97;;5,9;fioritura;;;;;;;;;;;;;;;;;;;;7;0,00;0,00
19/07/2022;200;33,8;20,2;0;27;38,6982;2,44;15,88;6,03;;5,9;fioritura;;;;;;;;;;;;;;;;;;;;7;0,00;0,00
20/07/2022;201;34,3;22,9;0;28,6;38,5095;2,43;15,82;5,70;;5,9;fioritura;;;;;;;;;;;;;;;;;;;;7;0,00;0,00
21/07/2022;202;35,2;18,8;0;27;38,3145;2,44;15,72;6,56;;5,9;fioritura;;;;;;;;;;;;;;;;;;;;7;0,00;0,00
22/07/2022;203;35,8;19,2;0;27,5;38,1130;2,44;15,65;6,64;;5,9;fioritura;;;;;;;;;;;;;;;;;;;;7;0,00;0,00
23/07/2022;204;34,3;20;0;27,15;37,9051;2,44;15,55;6,08;;5,9;allegagione;;;;;;;;;;;;;;;;;;;;7;0,00;0,00
24/07/2022;205;34,8;20,7;0;27,75;37,6908;2,44;15,48;6,09;;5,9;allegagione;;;;;;;;;;;;;;;;;;;;7;0,00;0,00
25/07/2022;206;35;19,9;0,4;27,45;37,4702;2,44;15,38;6,22;;5,9;allegagione;;;;;;;;;;;;;;;;;;;;7;0,00;0,00
26/07/2022;207;33,5;18,5;11;26;37,2431;2,44;15,27;5,96;;5,9;allegagione;;;;;;;;;;;;;;;;;;;;7;0,00;0,00
27/07/2022;208;30,7;19,4;1;25,05;37,0098;2,44;15,16;5,02;;5,9;allegagione;;;;;;;;;;;;;;;;;;;;7;0,00;0,00
28/07/2022;209;30,8;22,1;0;26,45;36,7701;2,44;15,08;4,53;;5,9;allegagione;;;;;;;;;;;;;;;;;;;;7;0,00;0,00
29/07/2022;210;27;18,2;9;22,6;36,5241;2,45;14,92;4,11;;5,9;allegagione;;;;;;;;;;;;;;;;;;;;7;0,00;0,00
30/07/2022;211;31,9;19;0,2;25,45;36,2718;2,44;14,86;5,31;;5,9;allegagione;;;;;;;;;;;;;;;;;;;;7;0,00;0,00
31/07/2022;212;33,4;16,6;0;25;36,0132;2,44;14,75;5,95;;5,9;allegagione;;;;;;;;;;;;;;;;;;;;7;0,00;0,00
01/08/2022;213;34;15,4;0;24,7;35,7484;2,44;14,63;6,17;4,43;4,5;allegagione;;;;;;;;;;;;;;;;;;;;8;0,00;0,00
02/08/2022;214;32;16,6;0;24,3;35,4774;2,44;14,52;5,52;;4,5;allegagione;;;;;;;;;;;;;;;;;;;;8;0,00;0,00
03/08/2022;215;32,6;18,3;0;25,45;35,2002;2,44;14,42;5,42;;4,5;allegagione;;;;;;;;;;;;;;;;;;;;8;0,00;0,00
04/08/2022;216;34,1;18,8;0;26,45;34,9237;2,44;14,32;5,70;;4,5;maturazione lattea;;;;;;;;;;;;;;;;;;;;8;0,00;0,00
05/08/2022;217;34,6;19,7;0;27,15;34,6756;2,44;14,23;5,68;;4,5;maturazione lattea;;;;;;;;;;;;;;;;;;;;8;0,00;0,00
06/08/2022;218;34,6;17,6;2;26,1;34,4222;2,44;14,11;5,87;;4,5;maturazione lattea;;;;;;;;;;;;;;;;;;;;8;0,00;0,00
07/08/2022;219;29,1;18,7;24,8;23,9;34,1635;2,44;13,98;4,32;;4,5;maturazione lattea;;;;;;;;;;;;;;;;;;;;8;0,00;0,00
08/08/2022;220;31,8;16,6;0;24,2;33,8995;2,44;13,87;5,22;;4,5;maturazione lattea;;;;;;;;;;;;;;;;;;;;8;0,00;0,00
09/08/2022;221;31,3;16,7;0;24;33,6303;2,44;13,76;5,05;;4,5;maturazione lattea;;;;;;;;;;;;;;;;;;;;8;0,00;0,00
10/08/2022;222;31,1;18,1;0;24,6;33,3558;2,44;13,65;4,80;;4,5;maturazione lattea;;;;;;;;;;;;;;;;;;;;8;0,00;0,00
11/08/2022;223;30,5;19,1;1,2;24,8;33,0762;2,44;13,54;4,48;;4,5;maturazione lattea;;;;;;;;;;;;;;;;;;;;8;0,00;0,00
12/08/2022;224;29,9;16,6;0;23,25;32,7915;2,45;13,41;4,62;;4,5;maturazione lattea;;;;;;;;;;;;;;;;;;;;8;0,00;0,00
13/08/2022;225;28,8;15,8;0;22,3;32,5016;2,45;13,27;4,41;;4,5;maturazione lattea;;;;;;;;;;;;;;;;;;;;8;0,00;0,00
14/08/2022;226;26,7;14,8;0;20,75;32,2067;2,45;13,13;4,02;;4,5;maturazione lattea;;;;;;;;;;;;;;;;;;;;8;0,00;0,00
15/08/2022;227;30,4;14;0;22,2;31,9068;2,45;13,03;4,85;;4,5;maturazione lattea;;;;;;;;;;;;;;;;;;;;8;0,00;0,00
16/08/2022;228;30,8;15,6;0;23,2;31,6019;2,45;12,92;4,75;;4,5;maturazione lattea;;;;;;;;;;;;;;;;;;;;8;0,00;0,00
17/08/2022;229;25,8;18,3;0,4;22,05;31,2921;2,45;12,78;3,21;;4,5;maturazione lattea;;;;;;;;;;;;;;;;;;;;8;0,00;0,00
18/08/2022;230;24,5;17,4;8,8;20,95;30,9774;2,45;12,64;3,00;;4,5;maturazione lattea;;;;;;;;;;;;;;;;;;;;8;0,00;0,00
19/08/2022;231;29,3;13,6;0;21,45;30,6579;2,45;12,51;4,48;;4,5;maturazione lattea;;;;;;;;;;;;;;;;;;;;8;0,00;0,00
20/08/2022;232;32,6;14,1;0;23,35;30,3336;2,45;12,40;5,05;;4,5;maturazione lattea;;;;;;;;;;;;;;;;;;;;8;0,00;0,00
21/08/2022;233;32,1;15,1;0;23,6;30,0047;2,45;12,27;4,82;;4,5;maturazione lattea;;;;;;;;;;;;;;;;;;;;8;0,00;0,00
22/08/2022;234;31,8;14,9;0;23,35;29,6711;2,45;12,13;4,72;;4,5;maturazione lattea;;;;;;;;;;;;;;;;;;;;8;0,00;0,00
23/08/2022;235;32,5;15,6;0;24,05;29,3330;2,44;12,00;4,75;;4,5;maturazione cerosa;;;;;;;;;;;;;;;;;;;;8;0,00;0,00
24/08/2022;236;31,8;13,7;0;22,75;28,9903;2,45;11,85;4,70;;4,5;maturazione cerosa;;;;;;;;;;;;;;;;;;;;8;0,00;0,00
25/08/2022;237;31,8;15,7;0;23,75;28,6433;2,44;11,72;4,49;;4,5;maturazione cerosa;;;;;;;;;;;;;;;;;;;;8;0,00;0,00
26/08/2022;238;29,8;16,5;0;23,15;28,2919;2,45;11,56;3,97;;4,5;maturazione cerosa;;;;;;;;;;;;;;;;;;;;8;0,00;0,00
27/08/2022;239;31,6;14,1;0,8;22,85;27,9362;2,45;11,42;4,47;;4,5;maturazione cerosa;;;;;;;;;;;;;;;;;;;;8;0,00;0,00
28/08/2022;240;30,5;17;0;23,75;27,5763;2,44;11,28;3,96;;4,5;maturazione cerosa;;;;;;;;;;;;;;;;;;;;8;0,00;0,00
29/08/2022;241;31,2;19,7;0;25,45;27,2444;2,44;11,16;3,77;;4,5;maturazione cerosa;;;;;;;;;;;;;;;;;;;;8;0,00;0,00
30/08/2022;242;27,5;18,6;48,6;23,05;26,9309;2,45;11,01;3,09;;4,5;maturazione cerosa;;;;;;;;;;;;;;;;;;;;8;0,00;0,00
31/08/2022;243;28,7;16,3;0;22,5;26,6138;2,45;10,87;3,55;;4,5;maturazione cerosa;;;;;;;;;;;;;;;;;;;;8;0,00;0,00
01/09/2022;244;29;19,1;3,8;24,05;26,2933;2,44;10,76;3,26;5,00;2,6;maturazione cerosa;;;;;;;;;;;;;;;;;;;;9;0,00;0,00
02/09/2022;245;24,8;18;0;21,4;25,9695;2,45;10,60;2,49;;2,6;maturazione cerosa;;;;;;;;;;;;;;;;;;;;9;0,00;0,00
03/09/2022;246;25,2;16,6;0,4;20,9;25,6424;2,45;10,46;2,73;;2,6;maturazione cerosa;;;;;;;;;;;;;;;;;;;;9;0,00;0,00
04/09/2022;247;28,3;15,8;0;22,05;25,3120;2,45;10,34;3,35;;2,6;maturazione cerosa;;;;;;;;;;;;;;;;;;;;9;0,00;0,00
05/09/2022;248;29,3;18,1;0;23,7;24,9786;2,45;10,22;3,26;;2,6;maturazione cerosa;;;;;;;;;;;;;;;;;;;;9;0,00;0,00
06/09/2022;249;29,9;16,3;0;23,1;24,6421;2,45;10,07;3,49;;2,6;maturazione cerosa;;;;;;;;;;;;;;;;;;;;9;0,00;0,00
07/09/2022;250;28,5;18,5;0;23,5;24,3027;2,45;9,94;2,99;;2,6;maturazione cerosa;;;;;;;;;;;;;;;;;;;;9;0,00;0,00
08/09/2022;251;27,1;16,7;1,2;21,9;23,9604;2,45;9,78;2,88;;2,6;maturazione cerosa;;;;;;;;;;;;;;;;;;;;9;0,00;0,00
09/09/2022;252;29,4;13;0;21,2;23,6154;2,45;9,64;3,50;;2,6;maturazione cerosa;;;;;;;;;;;;;;;;;;;;9;0,00;0,00
10/09/2022;253;27,4;10,6;0;19;23,2678;2,46;9,47;3,29;;2,6;maturazione cerosa;;;;;;;;;;;;;;;;;;;;9;0,00;0,00
11/09/2022;254;28,2;11,2;0;19,7;22,9176;2,45;9,34;3,32;;2,6;maturazione cerosa;;;;;;;;;;;;;;;;;;;;9;0,00;0,00
12/09/2022;255;28,2;11;0;19,6;22,5650;2,45;9,19;3,28;;2,6;maturazione cerosa;;;;;;;;;;;;;;;;;;;;9;0,00;0,00
13/09/2022;256;27,1;12;0;19,55;22,2100;2,45;9,05;3,02;;2,6;maturazione cerosa;;;;;;;;;;;;;;;;;;;;9;0,00;0,00
14/09/2022;257;25,6;17,1;1;21,35;21,8528;2,45;8,92;2,34;;2,6;maturazione cerosa;;;;;;;;;;;;;;;;;;;;9;0,00;0,00
15/09/2022;258;31,3;14,9;0;23,1;21,4935;2,45;8,79;3,35;;2,6;maturazione cerosa;;;;;;;;;;;;;;;;;;;;9;0,00;0,00
16/09/2022;259;30,8;11,7;0;21,25;21,1322;2,45;8,62;3,38;;2,6;maturazione cerosa;;;;;;;;;;;;;;;;;;;;9;0,00;0,00
17/09/2022;260;24,8;7;0;15,9;20,7690;2,46;8,43;2,76;;2,6;raccolta;;;;;;;;;;;;;;;;;;;;9;0,00;0,00
18/09/2022;261;24,2;3,5;0;13,85;20,4040;2,47;8,27;2,74;;2,6;suolo nudo;;;;;;;;;;;;;;;;;;;;9;0,00;0,00
19/09/2022;262;24,5;5;0;14,75;20,0373;2,47;8,12;2,69;;2,6;suolo nudo;;;;;;;;;;;;;;;;;;;;9;0,00;0,00
20/09/2022;263;23,8;6,4;0;15,1;19,6692;2,47;7,98;2,52;;2,6;suolo nudo;;;;;;;;;;;;;;;;;;;;9;0,00;0,00
21/09/2022;264;17;8,3;0;12,65;19,3289;2,47;7,82;1,62;;2,6;suolo nudo;;;;;;;;;;;;;;;;;;;;9;0,00;0,00
22/09/2022;265;21,8;10,5;0;16,15;19,0166;2,46;7,72;2,03;;2,6;suolo nudo;;;;;;;;;;;;;;;;;;;;9;0,00;0,00
23/09/2022;266;22;12,8;0;17,4;18,7032;2,46;7,60;1,87;;2,6;suolo nudo;;;;;;;;;;;;;;;;;;;;9;0,00;0,00
24/09/2022;267;14,5;12,9;7,4;13,7;18,3888;2,47;7,45;0,68;;2,6;suolo nudo;;;;;;;;;;;;;;;;;;;;9;0,00;0,00
25/09/2022;268;20,2;9,6;0;14,9;18,0734;2,47;7,33;1,79;;2,6;suolo nudo;;;;;;;;;;;;;;;;;;;;9;0,00;0,00
26/09/2022;269;22,1;6,6;0;14,35;17,7573;2,47;7,20;2,10;;2,6;suolo nudo;;;;;;;;;;;;;;;;;;;;9;0,00;0,00
27/09/2022;270;24,5;7,8;0;16,15;17,4405;2,46;7,08;2,26;;2,6;suolo nudo;;;;;;;;;;;;;;;;;;;;9;0,00;0,00
28/09/2022;271;21,3;7,4;0;14,35;17,1231;2,47;6,94;1,91;;2,6;suolo nudo;;;;;;;;;;;;;;;;;;;;9;0,00;0,00
29/09/2022;272;21,5;10,5;0;16;16,8052;2,46;6,82;1,76;;2,6;suolo nudo;;;;;;;;;;;;;;;;;;;;9;0,00;0,00
30/09/2022;273;15,1;12,4;18,2;13,75;16,4870;2,47;6,68;0,80;;2,6;suolo nudo;;;;;;;;;;;;;;;;;;;;9;0,00;0,00
01/10/2022;274;20,8;10;0,2;15,4;16,1686;2,46;6,56;1,65;3,10;1,2;suolo nudo;;;;;;;;;;;;;;;;;;;;10;0,00;0,00
02/10/2022;275;24;8,1;0;16,05;15,8500;2,46;6,43;2,00;;1,2;suolo nudo;;;;;;;;;;;;;;;;;;;;10;0,00;0,00
03/10/2022;276;26,1;8,2;0;17,15;15,5315;2,46;6,31;2,15;;1,2;suolo nudo;;;;;;;;;;;;;;;;;;;;10;0,00;0,00
04/10/2022;277;22,9;8,3;0;15,6;15,2130;2,46;6,17;1,81;;1,2;suolo nudo;;;;;;;;;;;;;;;;;;;;10;0,00;0,00
05/10/2022;278;22,2;16;0;19,1;14,8948;2,46;6,06;1,28;;1,2;suolo nudo;;;;;;;;;;;;;;;;;;;;10;0,00;0,00
06/10/2022;279;23,7;11,6;0;17,65;14,5770;2,46;5,93;1,68;;1,2;suolo nudo;;;;;;;;;;;;;;;;;;;;10;0,00;0,00
07/10/2022;280;23,9;11,9;0;17,9;14,2597;2,46;5,80;1,65;;1,2;suolo nudo;;;;;;;;;;;;;;;;;;;;10;0,00;0,00
08/10/2022;281;21,8;9,4;3,2;15,6;13,9429;2,46;5,66;1,53;;1,2;suolo nudo;;;;;;;;;;;;;;;;;;;;10;0,00;0,00
09/10/2022;282;16,3;14,4;22,6;15,35;13,6269;2,46;5,53;0,58;;1,2;suolo nudo;;;;;;;;;;;;;;;;;;;;10;0,00;0,00
10/10/2022;283;17,1;10,1;8,8;13,6;13,3117;2,47;5,39;1,03;;1,2;suolo nudo;;;;;;;;;;;;;;;;;;;;10;0,00;0,00
11/10/2022;284;21,5;8,4;0,4;14,95;12,9975;2,47;5,27;1,44;;1,2;suolo nudo;;;;;;;;;;;;;;;;;;;;10;0,00;0,00
12/10/2022;285;21,3;9,6;0;15,45;12,6844;2,46;5,15;1,35;;1,2;suolo nudo;;;;;;;;;;;;;;;;;;;;10;0,00;0,00
13/10/2022;286;20,3;9;0,2;14,65;12,3725;2,47;5,02;1,26;;1,2;suolo nudo;;;;;;;;;;;;;;;;;;;;10;0,00;0,00
14/10/2022;287;20,1;10,1;0;15,1;12,0845;2,47;4,90;1,17;;1,2;suolo nudo;;;;;;;;;;;;;;;;;;;;10;0,00;0,00
15/10/2022;288;22,1;13,2;0;17,65;11,8305;2,46;4,81;1,17;;1,2;suolo nudo;;;;;;;;;;;;;;;;;;;;10;0,00;0,00
16/10/2022;289;22,1;13;0;17,55;11,5776;2,46;4,71;1,15;;1,2;suolo nudo;;;;;;;;;;;;;;;;;;;;10;0,00;0,00
17/10/2022;290;22,2;12,2;0;17,2;11,3261;2,46;4,60;1,17;;1,2;suolo nudo;;;;;;;;;;;;;;;;;;;;10;0,00;0,00
18/10/2022;291;23,9;10,4;0;17,15;11,0760;2,46;4,50;1,33;;1,2;suolo nudo;;;;;;;;;;;;;;;;;;;;10;0,00;0,00
19/10/2022;292;23,7;9,5;0,2;16,6;10,8273;2,46;4,40;1,31;;1,2;suolo nudo;;;;;;;;;;;;;;;;;;;;10;0,00;0,00
20/10/2022;293;20,9;9,9;0;15,4;10,5803;2,46;4,29;1,09;;1,2;suolo nudo;;;;;;;;;;;;;;;;;;;;10;0,00;0,00
21/10/2022;294;17,4;14,6;0,2;16;10,3350;2,46;4,20;0,55;;1,2;suolo nudo;;;;;;;;;;;;;;;;;;;;10;0,00;0,00
22/10/2022;295;21,3;15,9;0;18,6;10,0915;2,46;4,11;0,80;;1,2;suolo nudo;;;;;;;;;;;;;;;;;;;;10;0,00;0,00
23/10/2022;296;19;13,2;0;16,1;9,8499;2,46;4,00;0,75;;1,2;suolo nudo;;;;;;;;;;;;;;;;;;;;10;0,00;0,00
24/10/2022;297;20,5;15,7;0;18,1;9,6104;2,46;3,91;0,71;;1,2;suolo nudo;;;;;;;;;;;;;;;;;;;;10;0,00;0,00
25/10/2022;298;21,4;12,3;0;16,85;9,3729;2,46;3,81;0,92;;1,2;suolo nudo;;;;;;;;;;;;;;;;;;;;10;0,00;0,00
26/10/2022;299;22,1;13,7;0,2;17,9;9,1376;2,46;3,72;0,88;;1,2;suolo nudo;;;;;;;;;;;;;;;;;;;;10;0,00;0,00
27/10/2022;300;22,5;11,2;0;16,85;8,9046;2,46;3,62;0,97;;1,2;suolo nudo;;;;;;;;;;;;;;;;;;;;10;0,00;0,00
28/10/2022;301;22,6;10;0;16,3;8,6740;2,46;3,52;0,98;;1,2;suolo nudo;;;;;;;;;;;;;;;;;;;;10;0,00;0,00
29/10/2022;302;23,7;7,7;0,2;15,7;8,4458;2,46;3,43;1,06;;1,2;suolo nudo;;;;;;;;;;;;;;;;;;;;10;0,00;0,00
30/10/2022;303;22,8;7,1;0;14,95;8,2203;2,47;3,33;1,00;;1,2;suolo nudo;;;;;;;;;;;;;;;;;;;;10;0,00;0,00
31/10/2022;304;22,3;6,9;0;14,6;7,9974;2,47;3,24;0,95;;1,2;suolo nudo;;;;;;;;;;;;;;;;;;;;10;0,00;0,00
01/11/2022;305;17,4;8,4;3;12,9;7,7773;2,47;3,15;0,67;3,33;0,4;suolo nudo;;;;;;;;;;;;;;;;;;;;11;0,00;0,00
02/11/2022;306;15,9;7,7;0,4;11,8;7,5600;2,47;3,06;0,60;;0,4;suolo nudo;;;;;;;;;;;;;;;;;;;;11;0,00;0,00
03/11/2022;307;16,5;8,8;7,4;12,65;7,3456;2,47;2,97;0,58;;0,4;suolo nudo;;;;;;;;;;;;;;;;;;;;11;0,00;0,00
04/11/2022;308;15,8;7,9;0,2;11,85;7,1343;2,47;2,88;0,55;;0,4;suolo nudo;;;;;;;;;;;;;;;;;;;;11;0,00;0,00
05/11/2022;309;19,1;2,8;0;10,95;6,9260;2,48;2,80;0,75;;0,4;suolo nudo;;;;;;;;;;;;;;;;;;;;11;0,00;0,00
06/11/2022;310;16,1;0,6;0;8,35;6,7210;2,48;2,71;0,64;;0,4;suolo nudo;;;;;;;;;;;;;;;;;;;;11;0,00;0,00
07/11/2022;311;15,9;0,4;0;8,15;6,5192;2,48;2,63;0,62;;0,4;suolo nudo;;;;;;;;;;;;;;;;;;;;11;0,00;0,00
08/11/2022;312;15;4,4;0;9,7;6,3563;2,48;2,56;0,53;;0,4;suolo nudo;;;;;;;;;;;;;;;;;;;;11;0,00;0,00
09/11/2022;313;15,1;2,7;4;8,9;6,2032;2,48;2,50;0,54;;0,4;suolo nudo;;;;;;;;;;;;;;;;;;;;11;0,00;0,00
10/11/2022;314;19;6,3;0;12,65;6,0528;2,47;2,45;0,61;;0,4;suolo nudo;;;;;;;;;;;;;;;;;;;;11;0,00;0,00
11/11/2022;315;15,3;5,4;0,2;10,35;5,9052;2,48;2,38;0,49;;0,4;suolo nudo;;;;;;;;;;;;;;;;;;;;11;0,00;0,00
12/11/2022;316;13,7;3,4;0;8,55;5,7605;2,48;2,32;0,45;;0,4;suolo nudo;;;;;;;;;;;;;;;;;;;;11;0,00;0,00
13/11/2022;317;16,1;6,8;0;11,45;5,6187;2,47;2,27;0,47;;0,4;suolo nudo;;;;;;;;;;;;;;;;;;;;11;0,00;0,00
14/11/2022;318;10,4;5,4;2,2;7,9;5,4798;2,48;2,21;0,29;;0,4;suolo nudo;;;;;;;;;;;;;;;;;;;;11;0,00;0,00
15/11/2022;319;11,1;5,6;0;8,35;5,3440;2,48;2,15;0,30;;0,4;suolo nudo;;;;;;;;;;;;;;;;;;;;11;0,00;0,00
16/11/2022;320;12,9;2,5;0;7,7;5,2113;2,48;2,10;0,40;;0,4;suolo nudo;;;;;;;;;;;;;;;;;;;;11;0,00;0,00
17/11/2022;321;11,6;2,4;0;7;5,0817;2,48;2,05;0,35;;0,4;suolo nudo;;;;;;;;;;;;;;;;;;;;11;0,00;0,00
18/11/2022;322;16,6;3,8;0;10,2;4,9553;2,48;2,00;0,46;;0,4;suolo nudo;;;;;;;;;;;;;;;;;;;;11;0,00;0,00
19/11/2022;323;13,6;-0,3;0;6,65;4,8321;2,49;1,94;0,41;;0,4;suolo nudo;;;;;;;;;;;;;;;;;;;;11;0,00;0,00
20/11/2022;324;13,8;-1,9;0;5,95;4,7123;2,49;1,89;0,41;;0,4;suolo nudo;;;;;;;;;;;;;;;;;;;;11;0,00;0,00
21/11/2022;325;7,9;-3,6;0;2,15;4,5958;2,50;1,84;0,29;;0,4;suolo nudo;;;;;;;;;;;;;;;;;;;;11;0,00;0,00
22/11/2022;326;12,6;0,3;7,2;6,45;4,4826;2,49;1,80;0,35;;0,4;suolo nudo;;;;;;;;;;;;;;;;;;;;11;0,00;0,00
23/11/2022;327;14,1;-2,1;0;6;4,3730;2,49;1,76;0,39;;0,4;suolo nudo;;;;;;;;;;;;;;;;;;;;11;0,00;0,00
24/11/2022;328;15;-1,9;0;6,55;4,2668;2,49;1,72;0,40;;0,4;suolo nudo;;;;;;;;;;;;;;;;;;;;11;0,00;0,00
25/11/2022;329;12,1;0,2;0;6,15;4,1641;2,49;1,67;0,32;;0,4;suolo nudo;;;;;;;;;;;;;;;;;;;;11;0,00;0,00
26/11/2022;330;14,9;-0,8;0;7,05;4,0650;2,48;1,64;0,37;;0,4;suolo nudo;;;;;;;;;;;;;;;;;;;;11;0,00;0,00
27/11/2022;331;10,9;-2,1;0;4,4;3,9695;2,49;1,59;0,29;;0,4;suolo nudo;;;;;;;;;;;;;;;;;;;;11;0,00;0,00
28/11/2022;332;6,5;-0,6;0;2,95;3,8777;2,49;1,55;0,20;;0,4;suolo nudo;;;;;;;;;;;;;;;;;;;;11;0,00;0,00
29/11/2022;333;6;-0,6;0,8;2,7;3,7896;2,49;1,52;0,18;;0,4;suolo nudo;;;;;;;;;;;;;;;;;;;;11;0,00;0,00
30/11/2022;334;4,2;-1,3;0;1,45;3,7051;2,50;1,48;0,15;;0,4;suolo nudo;;;;;;;;;;;;;;;;;;;;11;0,00;0,00
01/12/2022;335;10,3;-0,6;0;4,85;3,6245;2,49;1,46;0,25;4,43;0,1;suolo nudo;;;;;;;;;;;;;;;;;;;;12;0,00;0,00
02/12/2022;336;9;2,1;0;5,55;3,5476;2,49;1,43;0,20;;0,1;suolo nudo;;;;;;;;;;;;;;;;;;;;12;0,00;0,00
03/12/2022;337;5,7;4,7;9,2;5,2;3,4745;2,49;1,40;0,07;;0,1;suolo nudo;;;;;;;;;;;;;;;;;;;;12;0,00;0,00
04/12/2022;338;9,1;5;3,4;7,05;3,4053;2,48;1,37;0,16;;0,1;suolo nudo;;;;;;;;;;;;;;;;;;;;12;0,00;0,00
05/12/2022;339;11;1,4;0,2;6,2;3,3400;2,49;1,34;0,23;;0,1;suolo nudo;;;;;;;;;;;;;;;;;;;;12;0,00;0,00
06/12/2022;340;9,9;-1,5;0;4,2;3,2786;2,49;1,32;0,22;;0,1;suolo nudo;;;;;;;;;;;;;;;;;;;;12;0,00;0,00
07/12/2022;341;6;-2,6;0;1,7;3,2211;2,50;1,29;0,17;;0,1;suolo nudo;;;;;;;;;;;;;;;;;;;;12;0,00;0,00
08/12/2022;342;4,8;-1,8;0;1,5;3,1675;2,50;1,27;0,14;;0,1;suolo nudo;;;;;;;;;;;;;;;;;;;;12;0,00;0,00
09/12/2022;343;4,3;1,8;4,8;3,05;3,1180;2,49;1,25;0,09;;0,1;suolo nudo;;;;;;;;;;;;;;;;;;;;12;0,00;0,00
10/12/2022;344;3,4;-1;0;1,2;3,0724;2,50;1,23;0,11;;0,1;suolo nudo;;;;;;;;;;;;;;;;;;;;12;0,00;0,00
11/12/2022;345;7,6;-3,5;0;2,05;3,0309;2,50;1,21;0,18;;0,1;suolo nudo;;;;;;;;;;;;;;;;;;;;12;0,00;0,00
12/12/2022;346;-1,2;-4,1;0;-2,65;2,9934;2,51;1,19;0,07;;0,1;suolo nudo;;;;;;;;;;;;;;;;;;;;12;0,00;0,00
13/12/2022;347;2,5;-1,3;0;0,6;2,9599;2,50;1,18;0,10;;0,1;suolo nudo;;;;;;;;;;;;;;;;;;;;12;0,00;0,00
14/12/2022;348;4,7;-2,1;0;1,3;2,9305;2,50;1,17;0,13;;0,1;suolo nudo;;;;;;;;;;;;;;;;;;;;12;0,00;0,00
15/12/2022;349;0,3;-3,2;17;-1,45;2,9052;2,50;1,16;0,08;;0,1;suolo nudo;;;;;;;;;;;;;;;;;;;;12;0,00;0,00
16/12/2022;350;0,3;-7,2;0;-3,45;2,8840;2,51;1,15;0,10;;0,1;suolo nudo;;;;;;;;;;;;;;;;;;;;12;0,00;0,00
17/12/2022;351;-0,6;-8,4;0;-4,5;2,8668;2,51;1,14;0,10;;0,1;suolo nudo;;;;;;;;;;;;;;;;;;;;12;0,00;0,00
18/12/2022;352;3,4;-4,2;0;-0,4;2,8538;2,50;1,14;0,13;;0,1;suolo nudo;;;;;;;;;;;;;;;;;;;;12;0,00;0,00
19/12/2022;353;0;-6;0;-3;2,8449;2,51;1,13;0,09;;0,1;suolo nudo;;;;;;;;;;;;;;;;;;;;12;0,00;0,00
20/12/2022;354;0,7;-6,5;0;-2,9;2,8401;2,51;1,13;0,10;;0,1;suolo nudo;;;;;;;;;;;;;;;;;;;;12;0,00;0,00
21/12/2022;355;2,1;-3,9;0;-0,9;2,8395;2,50;1,13;0,11;;0,1;suolo nudo;;;;;;;;;;;;;;;;;;;;12;0,00;0,00
22/12/2022;356;1,6;-4;0;-1,2;2,8429;2,50;1,14;0,10;;0,1;suolo nudo;;;;;;;;;;;;;;;;;;;;12;0,00;0,00
23/12/2022;357;2;0;0;1;2,8505;2,50;1,14;0,07;;0,1;suolo nudo;;;;;;;;;;;;;;;;;;;;12;0,00;0,00
24/12/2022;358;3,7;1,1;0,2;2,4;2,8622;2,50;1,15;0,09;;0,1;suolo nudo;;;;;;;;;;;;;;;;;;;;12;0,00;0,00
25/12/2022;359;6,9;3,3;0,2;5,1;2,8780;2,49;1,16;0,12;;0,1;suolo nudo;;;;;;;;;;;;;;;;;;;;12;0,00;0,00
26/12/2022;360;10,1;1,7;0;5,9;2,8980;2,49;1,17;0,18;;0,1;suolo nudo;;;;;;;;;;;;;;;;;;;;12;0,00;0,00
27/12/2022;361;9,4;-0,3;0;4,55;2,9220;2,49;1,17;0,19;;0,1;suolo nudo;;;;;;;;;;;;;;;;;;;;12;0,00;0,00
28/12/2022;362;7,8;0,8;0;4,3;2,9502;2,49;1,18;0,16;;0,1;suolo nudo;;;;;;;;;;;;;;;;;;;;12;0,00;0,00
29/12/2022;363;9,6;1;0;5,3;2,9824;2,49;1,20;0,19;;0,1;suolo nudo;;;;;;;;;;;;;;;;;;;;12;0,00;0,00
30/12/2022;364;8,2;-1,1;0;3,55;3,0188;2,49;1,21;0,18;;0,1;suolo nudo;;;;;;;;;;;;;;;;;;;;12;0,00;0,00
31/12/2022;365;8;-1,1;0;3,45;3,0592;2,49;1,23;0,18;;0,1;suolo nudo;;;;;;;;;;;;;;;;;;;;12;0,00;0,00
;;;;;;;;;;;;;;;;;;;;;;;;;;;;;;;;;;
;;;;;;;;;;;;;;;;;;;;;;;;;;;;;;;;;;
;;;;;;;;;;;;;;;;;;;;;;;;;;;;;;;;;;
TOTALI;;;;344;;;;;926;;;;;0;;0;;;;;;;;;;;;0;0;0;0;;;
;;;;;;;;;;;;;;;;;;;;;;;;;;;;;;0;;;;
